<?xml version="1.0" encoding="UTF-8"?>
<project-private xmlns="http://www.netbeans.org/ns/project-private/1">
    <editor-bookmarks xmlns="http://www.netbeans.org/ns/editor-bookmarks/2" lastBookmarkId="0"/>
    <open-files xmlns="http://www.netbeans.org/ns/projectui-open-files/2">
        <group>
            <file>file:/C:/Users/Lenovo/Documents/NetBeansProjects/Taller5%20punto5/src/Vista/vista.java</file>
            <file>file:/C:/Users/Lenovo/Documents/NetBeansProjects/Taller5%20punto5/src/modelo/Puntos.java</file>
        </group>
    </open-files>
</project-private>
